url,status,redirect_to,depth,source,title,canonical,meta_robots,last_modified,outlinks,words
https://fountainheadschools.org/,200,,0,both,Home Page - Fountainhead School,https://fountainheadschools.org/,"follow, index, max-snippet:-1, max-video-preview:-1, max-image-preview:large",2026-06-30T15:35:07+05:30,77,2963
https://fountainheadschools.org/360view/,200,,1,crawl,360View - Fountainhead School,,"follow, noindex",2025-06-26T11:43:50+05:30,77,345
https://fountainheadschools.org/academic-policy/academic-integrity-policy/,200,,1,both,Academic Integrity Policy - Fountainhead School,https://fountainheadschools.org/academic-policy/academic-integrity-policy/,"follow, index, max-snippet:-1, max-video-preview:-1, max-image-preview:large",2025-03-29T09:03:59+05:30,77,325
https://fountainheadschools.org/academic-policy/assessment-policy-diploma-program/,200,,1,both,Assessment Policy – Diploma Program - Fountainhead School,https://fountainheadschools.org/academic-policy/assessment-policy-diploma-program/,"follow, index, max-snippet:-1, max-video-preview:-1, max-image-preview:large",2025-12-02T11:35:42+05:30,77,5055
https://fountainheadschools.org/academic-policy/assessment-policy-myp/,200,,1,both,assessment-policy-myp - Fountainhead School,https://fountainheadschools.org/academic-policy/assessment-policy-myp/,"follow, index, max-snippet:-1, max-video-preview:-1, max-image-preview:large",2025-12-02T11:34:25+05:30,78,3645
https://fountainheadschools.org/academic-policy/assessment-policy/,200,,1,both,assessment policy - Fountainhead School,https://fountainheadschools.org/academic-policy/assessment-policy/,"follow, index, max-snippet:-1, max-video-preview:-1, max-image-preview:large",2025-12-01T10:42:12+05:30,77,337
https://fountainheadschools.org/academic-policy/language-policy/,200,,1,crawl,Language Policy - Fountainhead School,,"follow, noindex",2025-12-01T10:29:49+05:30,77,337
https://fountainheadschools.org/academic-policy/learning-diversity-policy/,200,,1,both,Learning Diversity Policy - Fountainhead School,https://fountainheadschools.org/academic-policy/learning-diversity-policy/,"follow, index, max-snippet:-1, max-video-preview:-1, max-image-preview:large",2025-12-02T11:33:01+05:30,77,325
https://fountainheadschools.org/academics/academics-overview/,200,,1,both,Pathways to Success - Fountainhead School,https://fountainheadschools.org/academics/academics-overview/,"follow, index, max-snippet:-1, max-video-preview:-1, max-image-preview:large",2024-12-09T11:15:50+05:30,77,768
https://fountainheadschools.org/academics/diploma-programme/,200,,1,both,Diploma Programme - Fountainhead School,https://fountainheadschools.org/academics/diploma-programme/,"follow, index, max-snippet:-1, max-video-preview:-1, max-image-preview:large",2025-12-02T11:44:42+05:30,77,866
https://fountainheadschools.org/academics/eyp/,200,,1,both,Early Years - Fountainhead School,https://fountainheadschools.org/academics/eyp/,"follow, index, max-snippet:-1, max-video-preview:-1, max-image-preview:large",2025-12-02T11:39:30+05:30,77,714
https://fountainheadschools.org/academics/fountainhead-high-school-diploma/,200,,1,both,Fountainhead High School Diploma - Fountainhead School,https://fountainheadschools.org/academics/fountainhead-high-school-diploma/,"follow, index, max-snippet:-1, max-video-preview:-1, max-image-preview:large",2024-11-22T10:37:55+05:30,77,511
https://fountainheadschools.org/academics/maverick-learning-centre/,200,,1,both,Maverick Learning Centre - Fountainhead School,https://fountainheadschools.org/academics/maverick-learning-centre/,"follow, index, max-snippet:-1, max-video-preview:-1, max-image-preview:large",2024-11-22T13:54:11+05:30,77,2423
https://fountainheadschools.org/academics/middle-years-programme/,200,,1,both,Middle years Programme - Fountainhead School,https://fountainheadschools.org/academics/middle-years-programme/,"follow, index, max-snippet:-1, max-video-preview:-1, max-image-preview:large",2024-12-09T11:56:14+05:30,77,1443
https://fountainheadschools.org/academics/pearson-btec/,200,,1,both,Pearson BTEC - Fountainhead School,https://fountainheadschools.org/academics/pearson-btec/,"follow, index, max-snippet:-1, max-video-preview:-1, max-image-preview:large",2024-12-21T15:13:52+05:30,77,417
https://fountainheadschools.org/academics/primary-years-programme/,200,,1,both,Primary Years Programme - Fountainhead School,https://fountainheadschools.org/academics/primary-years-programme/,"follow, index, max-snippet:-1, max-video-preview:-1, max-image-preview:large",2026-06-11T10:53:41+05:30,77,1072
https://fountainheadschools.org/admission/,301,https://fountainheadschools.org/admission/admission-process/,1,crawl,,,,,0,0
https://fountainheadschools.org/admission/admission-process/,200,,1,both,Admission process - Fountainhead School,https://fountainheadschools.org/admission/admission-process/,"follow, index, max-snippet:-1, max-video-preview:-1, max-image-preview:large",2025-12-17T09:35:51+05:30,77,507
https://fountainheadschools.org/admission/admission-status/,200,,1,both,Admission Status - Fountainhead School,https://fountainheadschools.org/admission/admission-status/,"follow, index, max-snippet:-1, max-video-preview:-1, max-image-preview:large",2024-12-09T11:46:08+05:30,77,325
https://fountainheadschools.org/admission/fountainhead-school-malgama/,200,,1,both,Fountainhead School Malgama - Fountainhead School,https://fountainheadschools.org/admission/fountainhead-school-malgama/,"follow, index, max-snippet:-1, max-video-preview:-1, max-image-preview:large",2025-12-17T09:48:13+05:30,77,330
https://fountainheadschools.org/all-policies/,200,,1,crawl,All Policies - Fountainhead School,,"follow, noindex",2025-12-02T12:02:38+05:30,77,645
https://fountainheadschools.org/blog/,200,,1,both,blog - Fountainhead School,https://fountainheadschools.org/blog/,"follow, index, max-snippet:-1, max-video-preview:-1, max-image-preview:large",2025-10-14T11:08:59+05:30,103,990
https://fountainheadschools.org/careers/,200,,1,both,Careers - Fountainhead School,https://fountainheadschools.org/careers/,"follow, index, max-snippet:-1, max-video-preview:-1, max-image-preview:large",2025-02-12T10:01:06+05:30,77,334
https://fountainheadschools.org/child-protection/,200,,1,both,Child Protection - Fountainhead School,https://fountainheadschools.org/child-protection/,"follow, index, max-snippet:-1, max-video-preview:-1, max-image-preview:large",2025-12-01T11:27:09+05:30,78,528
https://fountainheadschools.org/connect/school-calendar/,301,https://fountainheadschools.org/school-calendar/,1,crawl,,,,,0,0
https://fountainheadschools.org/contact-us/,200,,1,both,Contact Us - Fountainhead School,https://fountainheadschools.org/contact-us/,"follow, index, max-snippet:-1, max-video-preview:-1, max-image-preview:large",2024-11-22T13:49:14+05:30,77,380
https://fountainheadschools.org/health-policy/bus-food-policy/,200,,1,both,Bus – Food Policy - Fountainhead School,https://fountainheadschools.org/health-policy/bus-food-policy/,"follow, index, max-snippet:-1, max-video-preview:-1, max-image-preview:large",2025-12-02T13:43:43+05:30,77,585
https://fountainheadschools.org/health-policy/canteen-pantry-usage-guidelines/,200,,1,both,canteen pantry usage guidelines - Fountainhead School,https://fountainheadschools.org/health-policy/canteen-pantry-usage-guidelines/,"follow, index, max-snippet:-1, max-video-preview:-1, max-image-preview:large",2025-12-02T13:33:00+05:30,77,325
https://fountainheadschools.org/health-policy/celebration-and-gift-guidelines-for-students/,200,,1,both,celebration-and-gift-guidelines-for-students - Fountainhead School,https://fountainheadschools.org/health-policy/celebration-and-gift-guidelines-for-students/,"follow, index, max-snippet:-1, max-video-preview:-1, max-image-preview:large",2025-12-02T13:38:30+05:30,77,325
https://fountainheadschools.org/health-policy/code-of-conduct-for-parents/,200,,1,both,Code of Conduct for Parents - Fountainhead School,https://fountainheadschools.org/health-policy/code-of-conduct-for-parents/,"follow, index, max-snippet:-1, max-video-preview:-1, max-image-preview:large",2025-12-02T13:41:58+05:30,77,325
https://fountainheadschools.org/health-policy/cyber-policy/,200,,1,both,cyber policy - Fountainhead School,https://fountainheadschools.org/health-policy/cyber-policy/,"follow, index, max-snippet:-1, max-video-preview:-1, max-image-preview:large",2025-04-01T12:00:10+05:30,77,348
https://fountainheadschools.org/health-policy/discipline-policy/,200,,1,both,discipline policy - Fountainhead School,https://fountainheadschools.org/health-policy/discipline-policy/,"follow, index, max-snippet:-1, max-video-preview:-1, max-image-preview:large",2025-12-02T13:34:28+05:30,77,335
https://fountainheadschools.org/health-policy/food-policy/,200,,1,both,food policy - Fountainhead School,https://fountainheadschools.org/health-policy/food-policy/,"follow, index, max-snippet:-1, max-video-preview:-1, max-image-preview:large",2025-06-09T09:09:12+05:30,77,337
https://fountainheadschools.org/health-policy/health-exclusion-policy/,200,,1,both,health exclusion policy - Fountainhead School,https://fountainheadschools.org/health-policy/health-exclusion-policy/,"follow, index, max-snippet:-1, max-video-preview:-1, max-image-preview:large",2025-12-02T13:40:28+05:30,77,325
https://fountainheadschools.org/health-policy/indemnity-policy/,200,,1,both,indemnity-policy - Fountainhead School,https://fountainheadschools.org/health-policy/indemnity-policy/,"follow, index, max-snippet:-1, max-video-preview:-1, max-image-preview:large",2025-12-02T13:44:38+05:30,77,689
https://fountainheadschools.org/health-policy/transport-related-behavior-policy/,200,,1,both,transport-related-behavior-policy - Fountainhead School,https://fountainheadschools.org/health-policy/transport-related-behavior-policy/,"follow, index, max-snippet:-1, max-video-preview:-1, max-image-preview:large",2025-12-02T13:36:55+05:30,77,349
https://fountainheadschools.org/internship-programme/,200,,1,both,Internship Programme - Fountainhead School,https://fountainheadschools.org/internship-programme/,"follow, index, max-snippet:-1, max-video-preview:-1, max-image-preview:large",2024-11-22T09:18:09+05:30,77,858
https://fountainheadschools.org/introduction/,200,,1,both,Introduction - Fountainhead School,https://fountainheadschools.org/introduction/,"follow, index, max-snippet:-1, max-video-preview:-1, max-image-preview:large",2024-11-22T14:23:01+05:30,77,622
https://fountainheadschools.org/lost-and-found-process/,200,,1,both,Lost and Found Process - Fountainhead School,https://fountainheadschools.org/lost-and-found-process/,"follow, index, max-snippet:-1, max-video-preview:-1, max-image-preview:large",2024-11-26T08:57:04+05:30,77,335
https://fountainheadschools.org/nucleus-app/,200,,1,both,nucleus-app - Fountainhead School,https://fountainheadschools.org/nucleus-app/,"follow, index, max-snippet:-1, max-video-preview:-1, max-image-preview:large",2025-06-17T08:37:59+05:30,77,322
https://fountainheadschools.org/online-form-center/,200,,1,both,Online Form Center - Fountainhead School,https://fountainheadschools.org/online-form-center/,"follow, index, max-snippet:-1, max-video-preview:-1, max-image-preview:large",2024-11-21T10:50:31+05:30,77,675
https://fountainheadschools.org/organogram/,200,,1,both,Organogram - Fountainhead School,https://fountainheadschools.org/organogram/,"follow, index, max-snippet:-1, max-video-preview:-1, max-image-preview:large",2026-05-29T14:11:16+05:30,77,352
https://fountainheadschools.org/other-policies/announcing-student-achievement-policy/,200,,1,both,announcing student achievement policy - Fountainhead School,https://fountainheadschools.org/other-policies/announcing-student-achievement-policy/,"follow, index, max-snippet:-1, max-video-preview:-1, max-image-preview:large",2025-12-02T14:14:06+05:30,77,325
https://fountainheadschools.org/other-policies/concession-policy-for-usage-of-it-devices/,200,,1,both,concession-policy-for-usage-of-it-devices - Fountainhead School,https://fountainheadschools.org/other-policies/concession-policy-for-usage-of-it-devices/,"follow, index, max-snippet:-1, max-video-preview:-1, max-image-preview:large",2025-12-02T14:28:28+05:30,77,978
https://fountainheadschools.org/other-policies/locker-policy/,200,,1,both,locker policy - Fountainhead School,https://fountainheadschools.org/other-policies/locker-policy/,"follow, index, max-snippet:-1, max-video-preview:-1, max-image-preview:large",2025-12-02T14:13:11+05:30,77,325
https://fountainheadschools.org/other-policies/prevention-of-abuse-harassment/,200,,1,crawl,prevention-of-abuse-harassment - Fountainhead School,,"follow, noindex",2025-12-02T14:49:52+05:30,77,325
https://fountainheadschools.org/other-policies/public-display-of-affection/,200,,1,both,public display of affection - Fountainhead School,https://fountainheadschools.org/other-policies/public-display-of-affection/,"follow, index, max-snippet:-1, max-video-preview:-1, max-image-preview:large",2025-12-02T14:22:00+05:30,77,329
https://fountainheadschools.org/other-policies/sickbay-policy/,200,,1,both,sickbay policy - Fountainhead School,https://fountainheadschools.org/other-policies/sickbay-policy/,"follow, index, max-snippet:-1, max-video-preview:-1, max-image-preview:large",2025-12-02T14:23:04+05:30,77,327
https://fountainheadschools.org/other-policies/student-consent-for-taking-leadership-in-school-events/,200,,1,both,student-consent-for-taking-leadership-in-school-events - Fountainhead School,https://fountainheadschools.org/other-policies/student-consent-for-taking-leadership-in-school-events/,"follow, index, max-snippet:-1, max-video-preview:-1, max-image-preview:large",2025-12-02T14:32:17+05:30,77,801
https://fountainheadschools.org/other-policies/taking-care-of-your-chromebook/,200,,1,both,taking-care-of-your-chromebook - Fountainhead School,https://fountainheadschools.org/other-policies/taking-care-of-your-chromebook/,"follow, index, max-snippet:-1, max-video-preview:-1, max-image-preview:large",2025-12-02T14:29:57+05:30,78,926
https://fountainheadschools.org/parent-corner/,301,https://fountainheadschools.org/parent-corner/school-stories/,1,crawl,,,,,0,0
https://fountainheadschools.org/parent-corner/placements/,200,,1,both,Placements - Fountainhead School,https://fountainheadschools.org/parent-corner/placements/,"follow, index, max-snippet:-1, max-video-preview:-1, max-image-preview:large",2025-07-17T22:50:49+05:30,77,343
https://fountainheadschools.org/parent-corner/results/,200,,1,both,Fountainhead School - Results,https://fountainheadschools.org/parent-corner/results/,"follow, index, max-snippet:-1, max-video-preview:-1, max-image-preview:large",,77,381
https://fountainheadschools.org/parent-corner/school-stories/,200,,1,both,School Stories - Fountainhead School,https://fountainheadschools.org/parent-corner/school-stories/,"follow, index, max-snippet:-1, max-video-preview:-1, max-image-preview:large",2025-11-26T10:16:28+05:30,77,4917
https://fountainheadschools.org/peoplefs/,200,,1,both,People@FS - Fountainhead School,https://fountainheadschools.org/peoplefs/,"follow, index, max-snippet:-1, max-video-preview:-1, max-image-preview:large",2025-12-01T11:16:15+05:30,77,1464
https://fountainheadschools.org/philosophy/,200,,1,both,Philosophy - Fountainhead School,https://fountainheadschools.org/philosophy/,"follow, index, max-snippet:-1, max-video-preview:-1, max-image-preview:large",2025-12-01T10:48:00+05:30,77,374
https://fountainheadschools.org/privacy-policy/,200,,1,both,Privacy Policy - Fountainhead School,https://fountainheadschools.org/privacy-policy/,"follow, index, max-snippet:-1, max-video-preview:-1, max-image-preview:large",2026-03-14T09:45:28+05:30,77,1435
https://fountainheadschools.org/school-calendar/,200,,1,both,School Calendar - Fountainhead School,https://fountainheadschools.org/school-calendar/,"follow, index, max-snippet:-1, max-video-preview:-1, max-image-preview:large",2024-11-22T12:22:41+05:30,77,335
https://fountainheadschools.org/school-policy/attendance-policy/,200,,1,both,attendance policy - Fountainhead School,https://fountainheadschools.org/school-policy/attendance-policy/,"follow, index, max-snippet:-1, max-video-preview:-1, max-image-preview:large",2025-03-29T09:15:47+05:30,77,325
https://fountainheadschools.org/school-policy/guidelines-for-pcm-ptc/,200,,1,both,guidelines-for-pcm-ptc - Fountainhead School,https://fountainheadschools.org/school-policy/guidelines-for-pcm-ptc/,"follow, index, max-snippet:-1, max-video-preview:-1, max-image-preview:large",2024-12-09T12:38:41+05:30,77,1241
https://fountainheadschools.org/school-policy/no-tuition-policy/,200,,1,crawl,no tuition policy - Fountainhead School,,"follow, noindex",2024-12-09T12:37:11+05:30,77,422
https://fountainheadschools.org/school-policy/no-tuition-policy/addendum-in-no-tuition-policy/,200,,1,both,addendum in no tuition policy - Fountainhead School,https://fountainheadschools.org/school-policy/no-tuition-policy/addendum-in-no-tuition-policy/,"follow, index, max-snippet:-1, max-video-preview:-1, max-image-preview:large",2024-11-22T12:09:45+05:30,77,325
https://fountainheadschools.org/school-policy/no-tuition-policy/no-tuition-policy-our-beliefs/,200,,1,both,no tuition policy our beliefs - Fountainhead School,https://fountainheadschools.org/school-policy/no-tuition-policy/no-tuition-policy-our-beliefs/,"follow, index, max-snippet:-1, max-video-preview:-1, max-image-preview:large",2024-11-22T12:05:35+05:30,77,325
https://fountainheadschools.org/school-policy/parent-role-in-education/,200,,1,both,parent-role-in-education - Fountainhead School,https://fountainheadschools.org/school-policy/parent-role-in-education/,"follow, index, max-snippet:-1, max-video-preview:-1, max-image-preview:large",2024-12-09T12:03:50+05:30,77,325
https://fountainheadschools.org/school-policy/play-guidelines/,200,,1,both,play guidelines - Fountainhead School,https://fountainheadschools.org/school-policy/play-guidelines/,"follow, index, max-snippet:-1, max-video-preview:-1, max-image-preview:large",2024-11-22T12:07:38+05:30,77,325
https://fountainheadschools.org/school-policy/uniform-policy/,200,,1,both,uniform policy - Fountainhead School,https://fountainheadschools.org/school-policy/uniform-policy/,"follow, index, max-snippet:-1, max-video-preview:-1, max-image-preview:large",2025-03-29T09:20:15+05:30,77,333
https://fountainheadschools.org/studentlife/beyond-academics/,200,,1,both,Beyond Academics - Fountainhead School,https://fountainheadschools.org/studentlife/beyond-academics/,"follow, index, max-snippet:-1, max-video-preview:-1, max-image-preview:large",2024-11-22T13:45:10+05:30,77,818
https://fountainheadschools.org/studentlife/facilities/,200,,1,both,Facilities - Fountainhead School,https://fountainheadschools.org/studentlife/facilities/,"follow, index, max-snippet:-1, max-video-preview:-1, max-image-preview:large",2024-12-09T11:08:13+05:30,77,451
https://fountainheadschools.org/studentlife/services/,301,https://fountainheadschools.org/studentlife/services/career-counselling/,1,crawl,,,,,0,0
https://fountainheadschools.org/studentlife/services/career-counselling/,200,,1,both,Career Counselling - Fountainhead School,https://fountainheadschools.org/studentlife/services/career-counselling/,"follow, index, max-snippet:-1, max-video-preview:-1, max-image-preview:large",2025-01-17T08:13:00+05:30,77,503
https://fountainheadschools.org/studentlife/services/school-menu/,200,,1,crawl,School Menu​ - Fountainhead School,,"follow, noindex",2025-10-11T11:30:30+05:30,77,401
https://fountainheadschools.org/studentlife/services/techfs/,200,,1,both,Tech@FS​ - Fountainhead School,https://fountainheadschools.org/studentlife/services/techfs/,"follow, index, max-snippet:-1, max-video-preview:-1, max-image-preview:large",2024-11-22T14:32:59+05:30,77,388
https://fountainheadschools.org/studentlife/services/transport/,200,,1,both,Transport​ - Fountainhead School,https://fountainheadschools.org/studentlife/services/transport/,"follow, index, max-snippet:-1, max-video-preview:-1, max-image-preview:large",2026-05-30T11:27:52+05:30,77,409
https://fountainheadschools.org/studentlife/services/well-being-counselling/,200,,1,both,Well-being-Counselling - Fountainhead School,https://fountainheadschools.org/studentlife/services/well-being-counselling/,"follow, index, max-snippet:-1, max-video-preview:-1, max-image-preview:large",2024-11-22T13:20:35+05:30,77,554
https://fountainheadschools.org/terms-and-conditions/,200,,1,both,Terms and Conditions - Fountainhead School,https://fountainheadschools.org/terms-and-conditions/,"follow, index, max-snippet:-1, max-video-preview:-1, max-image-preview:large",2026-02-11T10:39:08+05:30,77,1928
https://fountainheadschools.org/testimonial/,200,,1,both,Testimonial - Fountainhead School,https://fountainheadschools.org/testimonial/,"follow, index, max-snippet:-1, max-video-preview:-1, max-image-preview:large",2025-07-15T13:36:30+05:30,77,330
https://fountainheadschools.org/the-best-skill-development-initiative-2023/,200,,1,both,The Best Skill Development Initiative 2023 - Fountainhead School,https://fountainheadschools.org/the-best-skill-development-initiative-2023/,"follow, index, max-snippet:-1, max-video-preview:-1, max-image-preview:large",2024-11-22T09:20:05+05:30,88,473
https://fountainheadschools.org/2024/09/,301,https://fountainheadschools.org,2,crawl,,,,,0,0
https://fountainheadschools.org/2024/10/,301,https://fountainheadschools.org,2,crawl,,,,,0,0
https://fountainheadschools.org/2024/12/,301,https://fountainheadschools.org,2,crawl,,,,,0,0
https://fountainheadschools.org/2025/01/,301,https://fountainheadschools.org,2,crawl,,,,,0,0
https://fountainheadschools.org/2025/02/,301,https://fountainheadschools.org,2,crawl,,,,,0,0
https://fountainheadschools.org/2025/03/,301,https://fountainheadschools.org,2,crawl,,,,,0,0
https://fountainheadschools.org/2025/04/,301,https://fountainheadschools.org,2,crawl,,,,,0,0
https://fountainheadschools.org/2025/05/,301,https://fountainheadschools.org,2,crawl,,,,,0,0
https://fountainheadschools.org/2025/07/,301,https://fountainheadschools.org,2,crawl,,,,,0,0
https://fountainheadschools.org/2025/08/,301,https://fountainheadschools.org,2,crawl,,,,,0,0
https://fountainheadschools.org/2025/10/,301,https://fountainheadschools.org,2,crawl,,,,,0,0
https://fountainheadschools.org/2025/11/,301,https://fountainheadschools.org,2,crawl,,,,,0,0
https://fountainheadschools.org/2026/01/,301,https://fountainheadschools.org,2,crawl,,,,,0,0
https://fountainheadschools.org/2026/02/,301,https://fountainheadschools.org,2,crawl,,,,,0,0
https://fountainheadschools.org/2026/03/,301,https://fountainheadschools.org,2,crawl,,,,,0,0
https://fountainheadschools.org/2026/04/,301,https://fountainheadschools.org,2,crawl,,,,,0,0
https://fountainheadschools.org/academic-policy/assessment-policy-middle-years/,404,,2,crawl,,,,,0,0
https://fountainheadschools.org/anand-utsav-2025-26/,200,,2,both,Anand Utsav 2025–26: A Celebration of Gratitude and Joy - Fountainhead School,https://fountainheadschools.org/anand-utsav-2025-26/,"follow, index, max-snippet:-1, max-video-preview:-1, max-image-preview:large",2026-03-10T13:08:34+05:30,100,1124
https://fountainheadschools.org/author/fountainheadschool6510/,301,https://fountainheadschools.org,2,crawl,,,,,0,0
https://fountainheadschools.org/bal-mela-2026/,200,,2,both,"Bal Mela 2026: A Celebration of Joy, Inclusion, and Community at Fountainhead School - Fountainhead School",https://fountainheadschools.org/bal-mela-2026/,"follow, index, max-snippet:-1, max-video-preview:-1, max-image-preview:large",2026-02-11T14:44:11+05:30,105,1007
https://fountainheadschools.org/career-changemakers-awards-2021/,200,,2,both,Career ChangeMakers Awards 2021 - Fountainhead School,https://fountainheadschools.org/career-changemakers-awards-2021/,"follow, index, max-snippet:-1, max-video-preview:-1, max-image-preview:large",2025-12-02T12:07:09+05:30,88,651
https://fountainheadschools.org/cfore-ranking-2025/,200,,2,both,Cfore Ranking 2025 - Fountainhead School,https://fountainheadschools.org/cfore-ranking-2025/,"follow, index, max-snippet:-1, max-video-preview:-1, max-image-preview:large",2025-12-16T14:41:32+05:30,88,564
https://fountainheadschools.org/convocation-class-of-2026/,200,,2,both,"The Fountainhead School Kunkni Convocation - Class of 2026: 164 Journeys, One Unforgettable Milestone - Fountainhead School",https://fountainheadschools.org/convocation-class-of-2026/,"follow, index, max-snippet:-1, max-video-preview:-1, max-image-preview:large",2026-04-22T12:03:56+05:30,103,1007
https://fountainheadschools.org/farewell-class-of-2026/,200,,2,both,A Rolling Loud Farewell: Class of 2026 Bids Goodbye in Style - Fountainhead School,https://fountainheadschools.org/farewell-class-of-2026/,"follow, index, max-snippet:-1, max-video-preview:-1, max-image-preview:large",2026-02-24T13:46:33+05:30,105,1021
https://fountainheadschools.org/fit-india-certificate-of-recognition-2020/,200,,2,both,FIT India “Certificate of Recognition” 2020 - Fountainhead School,https://fountainheadschools.org/fit-india-certificate-of-recognition-2020/,"follow, index, max-snippet:-1, max-video-preview:-1, max-image-preview:large",2025-12-02T13:26:59+05:30,88,403
https://fountainheadschools.org/future-50-schools-shaping-success-2017/,200,,2,both,Future 50 Schools Shaping Success 2017 - Fountainhead School,https://fountainheadschools.org/future-50-schools-shaping-success-2017/,"follow, index, max-snippet:-1, max-video-preview:-1, max-image-preview:large",2025-12-02T13:30:07+05:30,88,479
https://fountainheadschools.org/health-and-safety/child-protection-policy/,200,,2,both,child-protection-policy - Fountainhead School,https://fountainheadschools.org/health-and-safety/child-protection-policy/,"follow, index, max-snippet:-1, max-video-preview:-1, max-image-preview:large",2025-12-01T11:32:04+05:30,78,359
https://fountainheadschools.org/ib-india-education-forum-didac-india-2019/,200,,2,both,IB India Education Forum – DIDAC India 2019 - Fountainhead School,https://fountainheadschools.org/ib-india-education-forum-didac-india-2019/,"follow, index, max-snippet:-1, max-video-preview:-1, max-image-preview:large",2025-12-02T13:51:20+05:30,88,403
https://fountainheadschools.org/ida-awards/,200,,2,both,IDA Awards - Fountainhead School,https://fountainheadschools.org/ida-awards/,"follow, index, max-snippet:-1, max-video-preview:-1, max-image-preview:large",2025-12-16T15:12:10+05:30,88,656
https://fountainheadschools.org/igbc-green-building-award-2015/,200,,2,both,IGBC Green Building Award 2015 - Fountainhead School,https://fountainheadschools.org/igbc-green-building-award-2015/,"follow, index, max-snippet:-1, max-video-preview:-1, max-image-preview:large",2025-12-02T13:58:34+05:30,88,403
https://fountainheadschools.org/national-award-for-innovation-in-education-2020/,200,,2,both,National Award for Innovation in Education 2020 - Fountainhead School,https://fountainheadschools.org/national-award-for-innovation-in-education-2020/,"follow, index, max-snippet:-1, max-video-preview:-1, max-image-preview:large",2025-12-02T14:08:16+05:30,88,403
https://fountainheadschools.org/pyp-exhibition-2026/,200,,2,both,Udaan – A Flight to the Future: Celebrating the PYP Exhibition 2026 at Fountainhead School - Fountainhead School,https://fountainheadschools.org/pyp-exhibition-2026/,"follow, index, max-snippet:-1, max-video-preview:-1, max-image-preview:large",2026-03-10T10:45:56+05:30,104,1104
https://fountainheadschools.org/spectrum-2025/,200,,2,both,"Spectrum 2025: A Celebration of Passion, Purpose, and Project-Based Learning at Fountainhead School - Fountainhead School",https://fountainheadschools.org/spectrum-2025/,"follow, index, max-snippet:-1, max-video-preview:-1, max-image-preview:large",2026-03-25T09:21:10+05:30,102,1230
https://fountainheadschools.org/tarang-2025-26/,200,,2,both,"Tarang 2025–26: A Celebration of Expression, Passion, and Growth - Fountainhead School",https://fountainheadschools.org/tarang-2025-26/,"follow, index, max-snippet:-1, max-video-preview:-1, max-image-preview:large",2026-04-22T09:44:04+05:30,102,1169
https://fountainheadschools.org/tech-fs/chromebook/,404,,2,crawl,,,,,0,0
https://fountainheadschools.org/the-education-world-ew-grand-jury-award-2019-20/,200,,2,both,The Education World (EW) Grand Jury Award 2019-20 - Fountainhead School,https://fountainheadschools.org/the-education-world-ew-grand-jury-award-2019-20/,"follow, index, max-snippet:-1, max-video-preview:-1, max-image-preview:large",2024-11-22T09:23:31+05:30,88,403
https://fountainheadschools.org/times-retail-education-icons-2017/,200,,2,crawl,Times Retail & Education Icons 2017 - Fountainhead School,,"follow, noindex",2024-12-09T08:57:39+05:30,88,403
https://fountainheadschools.org/trajectory-3-2/,200,,2,both,Trajectory 3.2 Celebrating Curiosity and Achievement at Fountainhead School - Fountainhead School,https://fountainheadschools.org/trajectory-3-2/,"follow, index, max-snippet:-1, max-video-preview:-1, max-image-preview:large",2026-03-25T09:14:25+05:30,103,1115
https://fountainheadschools.org/tsl-schools-sustainability-challenge-2018/,200,,2,both,TSL Schools Sustainability Challenge 2018 - Fountainhead School,https://fountainheadschools.org/tsl-schools-sustainability-challenge-2018/,"follow, index, max-snippet:-1, max-video-preview:-1, max-image-preview:large",2024-11-22T09:28:51+05:30,88,403
https://fountainheadschools.org/wrongrekha/,200,,2,both,"wRongrekha: A Celebration of Voice, Vision, and Versatility - Fountainhead School",https://fountainheadschools.org/wrongrekha/,"follow, index, max-snippet:-1, max-video-preview:-1, max-image-preview:large",2026-03-10T11:35:29+05:30,103,1103
https://fountainheadschools.org/bal-mela-2025/,200,,3,both,Bal Mela 2025: A Day of Joy and Giving at Fountainhead School - Fountainhead School,https://fountainheadschools.org/bal-mela-2025/,"follow, index, max-snippet:-1, max-video-preview:-1, max-image-preview:large",2025-02-27T10:37:00+05:30,105,959
https://fountainheadschools.org/category/bal-mela/,200,,3,crawl,Bal Mela - Fountainhead School,https://fountainheadschools.org/category/bal-mela/,"follow, index, max-snippet:-1, max-video-preview:-1, max-image-preview:large",,80,501
https://fountainheadschools.org/category/convocation/,200,,3,crawl,Convocation - Fountainhead School,https://fountainheadschools.org/category/convocation/,"follow, index, max-snippet:-1, max-video-preview:-1, max-image-preview:large",,81,580
https://fountainheadschools.org/category/farewell/,200,,3,crawl,Farewell - Fountainhead School,https://fountainheadschools.org/category/farewell/,"follow, index, max-snippet:-1, max-video-preview:-1, max-image-preview:large",,80,490
https://fountainheadschools.org/category/personal-project-exhibition/,200,,3,crawl,Personal Project Exhibition - Fountainhead School,https://fountainheadschools.org/category/personal-project-exhibition/,"follow, index, max-snippet:-1, max-video-preview:-1, max-image-preview:large",,81,586
https://fountainheadschools.org/category/spectrum/,200,,3,crawl,Spectrum - Fountainhead School,https://fountainheadschools.org/category/spectrum/,"follow, index, max-snippet:-1, max-video-preview:-1, max-image-preview:large",,80,498
https://fountainheadschools.org/category/tarang/,200,,3,crawl,Tarang - Fountainhead School,https://fountainheadschools.org/category/tarang/,"follow, index, max-snippet:-1, max-video-preview:-1, max-image-preview:large",,80,496
https://fountainheadschools.org/category/trajectory/,200,,3,crawl,Trajectory - Fountainhead School,https://fountainheadschools.org/category/trajectory/,"follow, index, max-snippet:-1, max-video-preview:-1, max-image-preview:large",,82,642
https://fountainheadschools.org/celebrating-trajectory-2-0/,200,,3,both,Celebrating Excellence and Innovation at Trajectory 2.0,https://fountainheadschools.org/celebrating-trajectory-2-0/,"follow, index, max-snippet:-1, max-video-preview:-1, max-image-preview:large",2024-10-28T13:46:41+05:30,106,839
https://fountainheadschools.org/convocation-class-of-2024/,200,,3,both,Pre-Graduation Convocation of the Class of 2024: A Celebration of New Beginnings - Fountainhead School,https://fountainheadschools.org/convocation-class-of-2024/,"follow, index, max-snippet:-1, max-video-preview:-1, max-image-preview:large",2024-11-21T10:15:47+05:30,104,1029
https://fountainheadschools.org/convocation-class-of-2025/,200,,3,both,Celebrating the Journey: Pre-Graduation 10th Convocation – Class of 2025 - Fountainhead School,https://fountainheadschools.org/convocation-class-of-2025/,"follow, index, max-snippet:-1, max-video-preview:-1, max-image-preview:large",2025-04-26T09:30:45+05:30,105,1060
https://fountainheadschools.org/g12-farewell-class-of-2025/,200,,3,both,G12 Farewell – Class of 2025 at Fountainhead School - Fountainhead School,https://fountainheadschools.org/g12-farewell-class-of-2025/,"follow, index, max-snippet:-1, max-video-preview:-1, max-image-preview:large",2025-03-10T10:01:14+05:30,105,930
https://fountainheadschools.org/myp-personal-project-exhibition-2026/,200,,3,both,"MYP Personal Project Exhibition 2026: Celebrating Student Innovation, Passion, and Purpose at The Fountainhead School",https://fountainheadschools.org/myp-personal-project-exhibition-2026/,"follow, index, max-snippet:-1, max-video-preview:-1, max-image-preview:large",2026-01-29T10:31:31+05:30,105,1188
https://fountainheadschools.org/spectrum/,200,,3,both,Spectrum Loading… A Celebration of Ideas in Motion at Fountainhead School - Fountainhead School,https://fountainheadschools.org/spectrum/,"follow, index, max-snippet:-1, max-video-preview:-1, max-image-preview:large",2025-11-20T14:35:47+05:30,104,1053
https://fountainheadschools.org/tarang-the-art-mela/,200,,3,both,Tarang – The Art Mela: A Celebration of Creativity and Innovation at Fountainhead School - Fountainhead School,https://fountainheadschools.org/tarang-the-art-mela/,"follow, index, max-snippet:-1, max-video-preview:-1, max-image-preview:large",2025-05-03T10:52:12+05:30,104,948
https://fountainheadschools.org/trajectory-2-1/,200,,3,both,Trajectory 2.1: Showcasing Student Innovation and Academic Brilliance at Fountainhead School - Fountainhead School,https://fountainheadschools.org/trajectory-2-1/,"follow, index, max-snippet:-1, max-video-preview:-1, max-image-preview:large",2025-04-07T09:22:34+05:30,106,978
https://fountainheadschools.org/university-fair-2025-26/,200,,3,both,University Fair 2025-26 : A Gateway to Global Opportunities at Fountainhead School,https://fountainheadschools.org/university-fair-2025-26/,"follow, index, max-snippet:-1, max-video-preview:-1, max-image-preview:large",2026-01-30T13:13:31+05:30,105,1018
https://fountainheadschools.org/category/university-fair/,200,,4,crawl,University Fair - Fountainhead School,https://fountainheadschools.org/category/university-fair/,"follow, index, max-snippet:-1, max-video-preview:-1, max-image-preview:large",,80,487
https://fountainheadschools.org/community-service-initiative-2025/,200,,4,both,Building Bridges Through Learning: Fountainhead School’s Community Service Initiative - Fountainhead School,https://fountainheadschools.org/community-service-initiative-2025/,"follow, index, max-snippet:-1, max-video-preview:-1, max-image-preview:large",2026-01-16T09:26:47+05:30,105,1044
https://fountainheadschools.org/eureka-pypx-2025/,200,,4,both,"Eureka - PYPX 2025: A Celebration of Inquiry, Innovation, and Global Citizenship - Fountainhead School",https://fountainheadschools.org/eureka-pypx-2025/,"follow, index, max-snippet:-1, max-video-preview:-1, max-image-preview:large",2025-03-10T14:29:29+05:30,103,1060
https://fountainheadschools.org/exploring-global-opportunities-university-fair-2024/,200,,4,both,Exploring Global Opportunities: University Fair 2024,https://fountainheadschools.org/exploring-global-opportunities-university-fair-2024/,"follow, index, max-snippet:-1, max-video-preview:-1, max-image-preview:large",2024-12-02T09:23:08+05:30,105,988
https://fountainheadschools.org/fountainhead-schools-under-15-boys-football-team-champions-of-gujarat/,200,,4,both,Fountainhead School's Under-15 Boys Football Team: Champions of Gujarat - Fountainhead School,https://fountainheadschools.org/fountainhead-schools-under-15-boys-football-team-champions-of-gujarat/,"follow, index, max-snippet:-1, max-video-preview:-1, max-image-preview:large",2024-10-11T14:44:36+05:30,105,1080
https://fountainheadschools.org/fsmun-2025/,200,,4,both,"Fountainhead School – A Celebration of Dialogue, Diplomacy & Youth Leadership",https://fountainheadschools.org/fsmun-2025/,"follow, index, max-snippet:-1, max-video-preview:-1, max-image-preview:large",2026-01-16T09:31:51+05:30,105,1033
https://fountainheadschools.org/ib-diploma-results-2024-celebrating-excellence-at-fountainhead-school/,200,,4,both,IB Diploma Results 2024: Celebrating Excellence at Fountainhead School - Fountainhead School,https://fountainheadschools.org/ib-diploma-results-2024-celebrating-excellence-at-fountainhead-school/,"follow, index, max-snippet:-1, max-video-preview:-1, max-image-preview:large",2024-09-21T09:55:24+05:30,105,936
https://fountainheadschools.org/ic3-regional-forum-2025/,200,,4,both,Fountainhead School Hosts the IC3 Regional Forum 2025: A Milestone in Championing Career Counselling - Fountainhead School,https://fountainheadschools.org/ic3-regional-forum-2025/,"follow, index, max-snippet:-1, max-video-preview:-1, max-image-preview:large",2025-07-08T07:53:47+05:30,103,971
https://fountainheadschools.org/isso-football-tournament-2024/,200,,4,both,Kicking Off Excellence: The ISSO Football Tournament 2024,https://fountainheadschools.org/isso-football-tournament-2024/,"follow, index, max-snippet:-1, max-video-preview:-1, max-image-preview:large",2024-10-29T13:52:39+05:30,103,1060
https://fountainheadschools.org/passion-galleria-3-0/,200,,4,both,Passion Galleria 3.0: A Showcase of Creativity and Growth,https://fountainheadschools.org/passion-galleria-3-0/,"follow, index, max-snippet:-1, max-video-preview:-1, max-image-preview:large",2025-01-27T11:40:47+05:30,103,984
https://fountainheadschools.org/trajectory-3-1/,200,,4,both,"Trajectory 3.1: Celebrating Curiosity, Creativity, and Critical Inquiry at Fountainhead School - Fountainhead School",https://fountainheadschools.org/trajectory-3-1/,"follow, index, max-snippet:-1, max-video-preview:-1, max-image-preview:large",2025-10-15T13:07:08+05:30,106,1084
https://fountainheadschools.org/alumni-sports-meet-2025/,200,,5,both,Play. Reconnect. Relive. | Alumni Sports Meet 2025 - Fountainhead School,https://fountainheadschools.org/alumni-sports-meet-2025/,"follow, index, max-snippet:-1, max-video-preview:-1, max-image-preview:large",2025-07-08T08:04:39+05:30,103,822
https://fountainheadschools.org/category/community-service/,200,,5,crawl,Community Service - Fountainhead School,https://fountainheadschools.org/category/community-service/,"follow, index, max-snippet:-1, max-video-preview:-1, max-image-preview:large",,80,495
https://fountainheadschools.org/category/competition/,200,,5,crawl,Competition - Fountainhead School,https://fountainheadschools.org/category/competition/,"follow, index, max-snippet:-1, max-video-preview:-1, max-image-preview:large",,80,496
https://fountainheadschools.org/category/fsmun/,200,,5,crawl,FSMUN - Fountainhead School,https://fountainheadschools.org/category/fsmun/,"follow, index, max-snippet:-1, max-video-preview:-1, max-image-preview:large",,80,490
https://fountainheadschools.org/category/ib-diploma-results/,200,,5,crawl,IB Diploma Results - Fountainhead School,https://fountainheadschools.org/category/ib-diploma-results/,"follow, index, max-snippet:-1, max-video-preview:-1, max-image-preview:large",,80,492
https://fountainheadschools.org/fountainhead-schools-experimental-play-bathtub-me-machali-wins-best-play-at-69th-aiaa-competition/,200,,5,both,"Fountainhead School’s Experimental Play, “Bathtub Me Machali,” Wins Best Play at 69th AIAA Competition - Fountainhead School",https://fountainheadschools.org/fountainhead-schools-experimental-play-bathtub-me-machali-wins-best-play-at-69th-aiaa-competition/,"follow, index, max-snippet:-1, max-video-preview:-1, max-image-preview:large",2024-11-21T10:20:24+05:30,105,817
https://fountainheadschools.org/fsmun-11-a-celebration-of-diplomacy-debate-and-diversity/,200,,5,both,"FSMUN 11.0: A Celebration of Diplomacy, Debate, and Diversity",https://fountainheadschools.org/fsmun-11-a-celebration-of-diplomacy-debate-and-diversity/,"follow, index, max-snippet:-1, max-video-preview:-1, max-image-preview:large",2024-12-24T10:51:03+05:30,105,1078
https://fountainheadschools.org/ib-diploma-results-2025/,200,,5,both,From Effort to Excellence: IBDP May 2025 Results at Fountainhead School - Fountainhead School,https://fountainheadschools.org/ib-diploma-results-2025/,"follow, index, max-snippet:-1, max-video-preview:-1, max-image-preview:large",2025-07-16T13:57:57+05:30,105,1006
https://fountainheadschools.org/ib-myp-eassessment-results-of-the-class-of-2026/,200,,5,both,Exceeding Global Standards with Distinction: The IB MYP eAssessment Results of the Class of 2026 - Fountainhead School,https://fountainheadschools.org/ib-myp-eassessment-results-of-the-class-of-2026/,"follow, index, max-snippet:-1, max-video-preview:-1, max-image-preview:large",2024-11-21T10:21:23+05:30,105,1052
https://fountainheadschools.org/kalakriti-2024/,200,,5,both,Kalakriti 2024: A Celebration of Talent and Creativity at Fountainhead School - Fountainhead School,https://fountainheadschools.org/kalakriti-2024/,"follow, index, max-snippet:-1, max-video-preview:-1, max-image-preview:large",2024-10-01T12:03:01+05:30,105,916
https://fountainheadschools.org/kalakriti-2025/,200,,5,both,Kalakriti 2025: A Vibrant Celebration of Young Talent at Fountainhead School - Fountainhead School,https://fountainheadschools.org/kalakriti-2025/,"follow, index, max-snippet:-1, max-video-preview:-1, max-image-preview:large",2025-10-09T14:48:26+05:30,105,1114
https://fountainheadschools.org/learn-care-share-grow-empowering-young-minds-through-community-service-at-fountainhead-school/,200,,5,both,"Learn, Care, Share, Grow: Empowering Young Minds through Community Service at Fountainhead School - Fountainhead School",https://fountainheadschools.org/learn-care-share-grow-empowering-young-minds-through-community-service-at-fountainhead-school/,"follow, index, max-snippet:-1, max-video-preview:-1, max-image-preview:large",2024-10-01T11:29:24+05:30,105,992
https://fountainheadschools.org/category/ib-myp-eassessment-results/,200,,6,crawl,IB MYP eAssessment Results - Fountainhead School,https://fountainheadschools.org/category/ib-myp-eassessment-results/,"follow, index, max-snippet:-1, max-video-preview:-1, max-image-preview:large",,80,507
https://fountainheadschools.org/category/kalakriti/,200,,6,crawl,Kalakriti - Fountainhead School,https://fountainheadschools.org/category/kalakriti/,"follow, index, max-snippet:-1, max-video-preview:-1, max-image-preview:large",,80,494
https://fountainheadschools.org/class-of-2027ibmyp-results/,200,,6,both,Rising Above: Class of 2027 Shines in IBMYP Results at Fountainhead School - Fountainhead School,https://fountainheadschools.org/class-of-2027ibmyp-results/,"follow, index, max-snippet:-1, max-video-preview:-1, max-image-preview:large",2025-08-06T13:20:00+05:30,105,1096
https://fountainheadschools.org/admission-fee-communication/admission-policy-diploma-years/,200,,,sitemap-only,,,,,,
https://fountainheadschools.org/admission-fee-communication/admission-policy-middle-years/,200,,,sitemap-only,,,,,,
https://fountainheadschools.org/admission-fee-communication/damage-loss-of-school-property/,200,,,sitemap-only,,,,,,
https://fountainheadschools.org/admission-fee-communication/fee-imprest-policy/,200,,,sitemap-only,,,,,,
https://fountainheadschools.org/admission-fee-communication/guidelines-for-school-parent-communication/,200,,,sitemap-only,,,,,,
https://fountainheadschools.org/admission-fee-communication/library-policy/,200,,,sitemap-only,,,,,,
https://fountainheadschools.org/admission-fee-communication/primary-years-admission-policy/,200,,,sitemap-only,,,,,,
https://fountainheadschools.org/admissions/admission-policy/,200,,,sitemap-only,,,,,,
https://fountainheadschools.org/event/,301,https://fountainheadschools.org/event/school-timing-and-duration/,,sitemap-only,,,,,,
https://fountainheadschools.org/event/consent-for-student-led-event-policy/,200,,,sitemap-only,,,,,,
https://fountainheadschools.org/event/school-timing-and-duration/,200,,,sitemap-only,,,,,,
https://fountainheadschools.org/fountainhead-school-new-campus/,200,,,sitemap-only,,,,,,
https://fountainheadschools.org/helpdesk/school-menu/,301,https://fountainheadschools.org/studentlife/services/school-menu/,,sitemap-only,,,,,,
https://fountainheadschools.org/helpdesk/techfs/policy-for-usage-of-laptops-chromebooks-internet-in-school/,200,,,sitemap-only,,,,,,
https://fountainheadschools.org/other-policies/nature-camp-educational-trips-field-trips/,200,,,sitemap-only,,,,,,
https://fountainheadschools.org/other-policies/nightout-guidelines/,200,,,sitemap-only,,,,,,
https://fountainheadschools.org/parent-admission-committee/,200,,,sitemap-only,,,,,,
https://fountainheadschools.org/parents-login-page/documents-for-admission-in-other-schools/,200,,,sitemap-only,,,,,,
https://fountainheadschools.org/school-policy/intellectual-property-and-copyright-policy/,200,,,sitemap-only,,,,,,
https://fountainheadschools.org/school-policy/parent-undertaking/,200,,,sitemap-only,,,,,,
https://fountainheadschools.org/tag/class-of-2025-farewell/,200,,,sitemap-only,,,,,,
https://fountainheadschools.org/tag/classof2025/,200,,,sitemap-only,,,,,,
https://fountainheadschools.org/tag/convocation/,200,,,sitemap-only,,,,,,
https://fountainheadschools.org/tag/fountainhead-school-farewell/,200,,,sitemap-only,,,,,,
https://fountainheadschools.org/tag/g12-farewell/,200,,,sitemap-only,,,,,,
https://fountainheadschools.org/the-fs-way/cas/,200,,,sitemap-only,,,,,,
